{"vendor_counts": {"Delta Services": 619, "Omega Inc": 609, "Gamma Co": 600, "Alpha Supplies": 594, "Beta Traders": 578}, "vendor_amount_mean": {"Alpha Supplies": 3011.597643097643, "Beta Traders": 2758.970588235294, "Delta Services": 2909.610662358643, "Gamma Co": 2952.3716666666664, "Omega Inc": 2985.055829228243}, "vendor_amount_std": {"Alpha Supplies": 3872.4669915617333, "Beta Traders": 3620.9013135770992, "Delta Services": 3629.8814262020965, "Gamma Co": 3677.78701669866, "Omega Inc": 3669.6612828981415}, "global_mean": 2924.6483333333335, "global_std": 3696.0160645390265}